LECTURE_ID,LECTURE_NAME,STUDENT_ID,STUDENT_NAME,WALLET_ADDRESS
LECTURE_001,LECTURE_NAME_001,STUDENT_001,NAME_001,0x3f88ED4d77468fecBF9e74842588180A1FaEdeb4
LECTURE_001,LECTURE_NAME_001,STUDENT_002,NAME_002,0x447849f0364a6656F8B8332728fE586Fb9FeB06E
LECTURE_001,LECTURE_NAME_001,STUDENT_003,NAME_003,0xA8ACA7178B9319a06691cc69d307fD5b3578b6ee
LECTURE_001,LECTURE_NAME_001,STUDENT_004,NAME_004,0x306D95c8C95bd311DBC3eB80482482c254896fFf
LECTURE_001,LECTURE_NAME_001,STUDENT_005,NAME_005,0xF8Ce8A5b27c98a6178e2098d75FB234eEF124927
LECTURE_001,LECTURE_NAME_001,STUDENT_006,NAME_006,0x39Fa7b790D7BCC4Fe8AF71A1e01792ACCdAFf288
LECTURE_001,LECTURE_NAME_001,STUDENT_007,NAME_007,0xc22a6417FE52c9Db50E3484A0c71E9A79Ba3099c
LECTURE_001,LECTURE_NAME_001,STUDENT_008,NAME_008,0x25713A2e829833131ae1947bbd88EAb5D770FAdC
LECTURE_001,LECTURE_NAME_001,STUDENT_009,NAME_009,0xae47AC78Cc8e133c01fe1Cb656bf388f66235879
LECTURE_001,LECTURE_NAME_001,STUDENT_010,NAME_010,0xBdE263c3142C4EeC5888B91C41937a2C566D2959
LECTURE_001,LECTURE_NAME_001,STUDENT_011,NAME_011,0x723e1a321a797BA0E46DbEC2471Ddb8944DF2572
LECTURE_001,LECTURE_NAME_001,STUDENT_012,NAME_012,0x9F3A3DA9b78f8Ee91b6DE44518bc780207E653D1
LECTURE_001,LECTURE_NAME_001,STUDENT_013,NAME_013,0xe565c48DE2252b5563edEAC7730F03dCe7075273
LECTURE_001,LECTURE_NAME_001,STUDENT_014,NAME_014,0xEEff0FaCc3F7267460c1daa0B67553f1BcC3bb93
LECTURE_001,LECTURE_NAME_001,STUDENT_015,NAME_015,0xe0c578CCd74bb3BD4be9f58d91B77941ad976ACC
LECTURE_001,LECTURE_NAME_001,STUDENT_016,NAME_016,0xeA432c1983eE23BB4271AB77044D2de5377a20a1
LECTURE_001,LECTURE_NAME_001,STUDENT_017,NAME_017,0xA79D2459723f0Cdc1efC87d64e7bdd2939A8e76b
LECTURE_001,LECTURE_NAME_001,STUDENT_018,NAME_018,0x05FAe93840186BB688bDf542c5bB0Cbaf884b058
LECTURE_001,LECTURE_NAME_001,STUDENT_019,NAME_019,0xfF7BA6006b6B9342b66e5d16342c70EA34ed158e
LECTURE_001,LECTURE_NAME_001,STUDENT_020,NAME_020,0xcC366c603522fD39b71890ba3D2A1CF048549578
LECTURE_001,LECTURE_NAME_001,STUDENT_021,NAME_021,0xA08857CA5bE2a76BCf1780aa8f0FA74bD4ed15Eb
LECTURE_001,LECTURE_NAME_001,STUDENT_022,NAME_022,0xde55fa71f9f20BE8bBA21bbAaB22445B13215E80
LECTURE_001,LECTURE_NAME_001,STUDENT_023,NAME_023,0xe420dEFdA25452135a839Ce560bbC788d08d06ab
LECTURE_001,LECTURE_NAME_001,STUDENT_024,NAME_024,0x88f5b63Cf64C875b65D3EaC6653C43306A09A148
LECTURE_001,LECTURE_NAME_001,STUDENT_025,NAME_025,0x46185C6EB70501a6B9900bB1e731140D559C9fc0
LECTURE_001,LECTURE_NAME_001,STUDENT_026,NAME_026,0xB49B8401678A35b26392d055D7029BA9e53540d1
LECTURE_001,LECTURE_NAME_001,STUDENT_027,NAME_027,0x4676421f07aE38253fA516C4556a496aDB9a5B47
LECTURE_001,LECTURE_NAME_001,STUDENT_028,NAME_028,0xd07601AEAaD84Eb77ee0C3A7020DDB303Fe45C5D
LECTURE_001,LECTURE_NAME_001,STUDENT_029,NAME_029,0x999aD53DCDBD0DDF7e2e7622e95137BF27900652
LECTURE_001,LECTURE_NAME_001,STUDENT_030,NAME_030,0xe08dF58788BcC600C34566807478B1697788e270
LECTURE_001,LECTURE_NAME_001,STUDENT_031,NAME_031,0xb575A5b9598cC7436E307A46B8F1dCF3966deBe6
LECTURE_001,LECTURE_NAME_001,STUDENT_032,NAME_032,0x679B447ad5f938171f9f611FF81Fd6cC84be4d10
LECTURE_001,LECTURE_NAME_001,STUDENT_033,NAME_033,0x7BBaef68ED9A40Fc8D41387386C9eeB128595983
LECTURE_001,LECTURE_NAME_001,STUDENT_034,NAME_034,0x46f70dBb9F96ff001ECa3648b78Ab4D098937C9F
LECTURE_001,LECTURE_NAME_001,STUDENT_035,NAME_035,0x17271Bc9998F52B096DEbB599eDc4b2ED041D4ac
LECTURE_001,LECTURE_NAME_001,STUDENT_036,NAME_036,0x7D6e1e13a2F150cE1c9861DDf5e9123bA80FEEDB
LECTURE_001,LECTURE_NAME_001,STUDENT_037,NAME_037,0xE09dEeD069fbfC56C401392cF46D3C17Ed49a816
LECTURE_001,LECTURE_NAME_001,STUDENT_038,NAME_038,0xfc34E56a224DEAcf6a7FDb11b3a448917Bd9084E
LECTURE_001,LECTURE_NAME_001,STUDENT_039,NAME_039,0x11A94Cc6C49697f1F6C761213e753D1A211431f6
LECTURE_001,LECTURE_NAME_001,STUDENT_040,NAME_040,0xe8a3c04e7A10702D55fa9C9777a4533CbfD7127e
LECTURE_001,LECTURE_NAME_001,STUDENT_041,NAME_041,0xD9850Ab5C3a3acdE5FD1F38DA4c3078B932E8cC3
LECTURE_001,LECTURE_NAME_001,STUDENT_042,NAME_042,0x4f3E3579bcbE580822572174Ed089F085c693C27
LECTURE_001,LECTURE_NAME_001,STUDENT_043,NAME_043,0xA068120792Dcf65f873a0FAde54eC4f5F04D7d2d
LECTURE_001,LECTURE_NAME_001,STUDENT_044,NAME_044,0x1E697152B4761D2B7d8E570301701B9f858B0432
LECTURE_001,LECTURE_NAME_001,STUDENT_045,NAME_045,0xe9a8973AfB9198E20bdE234755cf0E40a01aC741
LECTURE_001,LECTURE_NAME_001,STUDENT_046,NAME_046,0x9f5a445ccFD20eBFE77cf381E01259e2b76cabA2
LECTURE_001,LECTURE_NAME_001,STUDENT_047,NAME_047,0x397159a1aD89c0e23a3e272711cEd7DF89653d42
LECTURE_001,LECTURE_NAME_001,STUDENT_048,NAME_048,0xA786c9AE9c46c18139B69f07549Fb40878365554
LECTURE_001,LECTURE_NAME_001,STUDENT_049,NAME_049,0x560A80d9861ED200e5bE580438eaFDff8b802f0c
LECTURE_001,LECTURE_NAME_001,STUDENT_050,NAME_050,0xec3792d994782383030D741d7994d2ff891fA253
LECTURE_001,LECTURE_NAME_001,STUDENT_051,NAME_051,0x9058B9178c5DDFd834e10C4Aaf6A1068A0303B22
LECTURE_001,LECTURE_NAME_001,STUDENT_052,NAME_052,0x1f071D708a8d93De24FA7D9E7cfbdBa7449F7B4c
LECTURE_001,LECTURE_NAME_001,STUDENT_053,NAME_053,0xAA06BA8e658464cad3b9b6a772ACf6238Fa7b75F
LECTURE_001,LECTURE_NAME_001,STUDENT_054,NAME_054,0x1F9c72DfDA0b555EEcEaF2372983f615bb17aeF6
LECTURE_001,LECTURE_NAME_001,STUDENT_055,NAME_055,0x7d22C55DD65cDE8dF855D44c9c357597972aC0e9
LECTURE_001,LECTURE_NAME_001,STUDENT_056,NAME_056,0xb4F1D10d9475E51B298aC96D83cE04705926Fa66
LECTURE_001,LECTURE_NAME_001,STUDENT_057,NAME_057,0x35d2fb6236587b4f1188D365e5e9f9b25Ff98bc6
LECTURE_001,LECTURE_NAME_001,STUDENT_058,NAME_058,0x3cf5bEd23F1887FCf218F8eFB8Be514599B95E4f
LECTURE_001,LECTURE_NAME_001,STUDENT_059,NAME_059,0x8E5D549872B56479C14C740f8a63D859BaeCAF1B
LECTURE_001,LECTURE_NAME_001,STUDENT_060,NAME_060,0x6B47493B2004A9e0608728f66336A04656515a07
LECTURE_001,LECTURE_NAME_001,STUDENT_061,NAME_061,0x03141C94E60FcB23f8739c90569f8c038cE53b02
LECTURE_001,LECTURE_NAME_001,STUDENT_062,NAME_062,0x855bC7313de682c7f4Dd5A9bEA547221410A27B6
LECTURE_001,LECTURE_NAME_001,STUDENT_063,NAME_063,0xF3f985ca570D9e0A394E9dB2a339f20f0532Cf2D
LECTURE_001,LECTURE_NAME_001,STUDENT_064,NAME_064,0x94d4c92A8e87134A45a39b2B963954cB67ECec41
LECTURE_001,LECTURE_NAME_001,STUDENT_065,NAME_065,0x3FD14f9493Dc25304c8AD717F908bb589eA657C5
LECTURE_001,LECTURE_NAME_001,STUDENT_066,NAME_066,0x32425F4fcE0C75a73A2A2b40126Ec81CE94fB42b
LECTURE_001,LECTURE_NAME_001,STUDENT_067,NAME_067,0x9693E610A86d708604Ff68644Fb7b4E1e6201b39
LECTURE_001,LECTURE_NAME_001,STUDENT_068,NAME_068,0xEa96ef2Bcd769b8c141afd8b8F90c483ae8f03a2
LECTURE_001,LECTURE_NAME_001,STUDENT_069,NAME_069,0x9455eb22bc3b86804509Aa4a24e1FedA861c6cAf
LECTURE_001,LECTURE_NAME_001,STUDENT_070,NAME_070,0x0096Ec7c121cF698918f3b255eAFbDbf6eFc9CB2
LECTURE_001,LECTURE_NAME_001,STUDENT_071,NAME_071,0xfD921d7190763899b995caeadbE2844fa2a60731
LECTURE_001,LECTURE_NAME_001,STUDENT_072,NAME_072,0xfF3e4B0e0602fc1B885999402F431FdE3AD8A8b7
LECTURE_001,LECTURE_NAME_001,STUDENT_073,NAME_073,0xDD47DD492443b4Ceea9350676F2b52F42f35133A
LECTURE_001,LECTURE_NAME_001,STUDENT_074,NAME_074,0x0a21844435B8EA1535031b5704B8DdCC94313679
LECTURE_001,LECTURE_NAME_001,STUDENT_075,NAME_075,0xe5a7a1D359dB5896F73976578e6B7B65774781fb
LECTURE_001,LECTURE_NAME_001,STUDENT_076,NAME_076,0x6e6259FB60aA1b183C91fc2aa154dE4896Df3Cee
LECTURE_001,LECTURE_NAME_001,STUDENT_077,NAME_077,0xAd156806F067B73137d0e043F9804EFd0CC83f8e
LECTURE_001,LECTURE_NAME_001,STUDENT_078,NAME_078,0x774352845c9b36C7ee229FE64f32b665eCe57F0F
LECTURE_001,LECTURE_NAME_001,STUDENT_079,NAME_079,0xae42F9BF47A0D9B4275242F38425EDa493cdCc74
LECTURE_001,LECTURE_NAME_001,STUDENT_080,NAME_080,0x039D8c9720f603A891476F6F83b629AE03D2b99a
LECTURE_001,LECTURE_NAME_001,STUDENT_081,NAME_081,0xc5043aa40996d63adE14C5feB7F56f2989967b75
LECTURE_001,LECTURE_NAME_001,STUDENT_082,NAME_082,0x5A99Dda47FF81A8Ee202D743168Bf7DB339B06fA
LECTURE_001,LECTURE_NAME_001,STUDENT_083,NAME_083,0x7fEEe6a7Ef27c6f762F0b2068dA084EFcc74117b
LECTURE_001,LECTURE_NAME_001,STUDENT_084,NAME_084,0xf132f90059A71e3BdEbC798d803912a73Fd7c5bB
LECTURE_001,LECTURE_NAME_001,STUDENT_085,NAME_085,0xd0665B4eB4AD8cfB1570FfE25375E2E10362E68E
LECTURE_001,LECTURE_NAME_001,STUDENT_086,NAME_086,0xEC98F7460495d786c9C4B513fee80B04a395C94f
LECTURE_001,LECTURE_NAME_001,STUDENT_087,NAME_087,0x5A8272831083ebcf064FD59735518d9BbAEC5E9d
LECTURE_001,LECTURE_NAME_001,STUDENT_088,NAME_088,0xB3356B51e900c413340B4596E19d917D2edC2d2d
LECTURE_001,LECTURE_NAME_001,STUDENT_089,NAME_089,0x44D7Efa54b41f08b09ab1e47f53D56dB27C517f9
LECTURE_001,LECTURE_NAME_001,STUDENT_090,NAME_090,0x6e71Db9cB77BFcAE9b5dd0825C77EEEe4B452197
LECTURE_001,LECTURE_NAME_001,STUDENT_091,NAME_091,0x7a6B09CC69de83476baDA53e1695Adc143e65e91
LECTURE_001,LECTURE_NAME_001,STUDENT_092,NAME_092,0x0C8D6f3BcD4ab62fA0b0995e6174324fF8eFa551
LECTURE_001,LECTURE_NAME_001,STUDENT_093,NAME_093,0xdcd86fd97A8d0C3524b2db1aB17E93cB45eE529f
LECTURE_001,LECTURE_NAME_001,STUDENT_094,NAME_094,0x75Dd1874B44d65e064930e944c7b5866551C143F
LECTURE_001,LECTURE_NAME_001,STUDENT_095,NAME_095,0xDE32109E203dE0586B14B702d4be258e2b6Fe3bc
LECTURE_001,LECTURE_NAME_001,STUDENT_096,NAME_096,0xFAC03D7202D9253D0f620543CBCDAA7B2d0d7B05
LECTURE_001,LECTURE_NAME_001,STUDENT_097,NAME_097,0xadA6537D8e06Bf39c337EeBb185E599471f4b95B
LECTURE_001,LECTURE_NAME_001,STUDENT_098,NAME_098,0x73910851B956a5870eeC7fB8A23DF8bC48554cCc
LECTURE_001,LECTURE_NAME_001,STUDENT_099,NAME_099,0xAa9A6486725A31db5AC2998045935d0EfDC13200
LECTURE_001,LECTURE_NAME_001,STUDENT_100,NAME_100,0x1E48F30A6095120DbBc75beC0362E1E51AfB670b
LECTURE_001,LECTURE_NAME_001,STUDENT_101,NAME_101,0xade9D58d1Cd33d4732dd3f0d7F7bcEa0150e1661
LECTURE_001,LECTURE_NAME_001,STUDENT_102,NAME_102,0x89AED657B6Cbb7d2a3cDc1B1035B642cD1e8150c
LECTURE_001,LECTURE_NAME_001,STUDENT_103,NAME_103,0xFC14D3Ae6e0a3A206Fed127BD390579314175a80
LECTURE_001,LECTURE_NAME_001,STUDENT_104,NAME_104,0x5347d0a75c30F5Cdbf27A1F61f000948BAE71920
LECTURE_001,LECTURE_NAME_001,STUDENT_105,NAME_105,0xd089aC70f1764e3800300dec5C277D441F500eEe
LECTURE_001,LECTURE_NAME_001,STUDENT_106,NAME_106,0xb89E822cE14e45712C5de7BbE6C2c6fb3c493445
LECTURE_001,LECTURE_NAME_001,STUDENT_107,NAME_107,0x469627Ea84a4F82f38e3CeC7D096f5Ed8e5fc938
LECTURE_001,LECTURE_NAME_001,STUDENT_108,NAME_108,0xB321E292C6dCdAa8ef0BCA1BA43949d6fF76Ff05
LECTURE_001,LECTURE_NAME_001,STUDENT_109,NAME_109,0xA91c0c8Ab6183DD520D9679db28c5e80fA3Ed238
LECTURE_001,LECTURE_NAME_001,STUDENT_110,NAME_110,0xcbd9436604ce7B140491c4c8151E482FE9a12868
LECTURE_001,LECTURE_NAME_001,STUDENT_111,NAME_111,0x412D523892802d2b69dAE6857733C72B0488717f
LECTURE_001,LECTURE_NAME_001,STUDENT_112,NAME_112,0x73D5d65E4f870630F51d120f4Bfc551176C62eb5
LECTURE_001,LECTURE_NAME_001,STUDENT_113,NAME_113,0x9dAd7A5ef53404EdFE04d1dCa9520fdfa9451213
LECTURE_001,LECTURE_NAME_001,STUDENT_114,NAME_114,0x2A3cc4e295aAbE8F38E6eFABB325f4366f8F27d4
LECTURE_001,LECTURE_NAME_001,STUDENT_115,NAME_115,0x37Ed1dF2A39C08c64Ad4896fECCBDEffCDC6aBF5
LECTURE_001,LECTURE_NAME_001,STUDENT_116,NAME_116,0x1D509b0526e170E79C034ab2918E2c59F5fDC332
LECTURE_001,LECTURE_NAME_001,STUDENT_117,NAME_117,0xC7B4Ef9D48bbb29153C8315FA33e23A50c261301
LECTURE_001,LECTURE_NAME_001,STUDENT_118,NAME_118,0x4e707a55d1B4e75A39FF6cf0dbe8B251903EF45B
LECTURE_001,LECTURE_NAME_001,STUDENT_119,NAME_119,0xa07A2a457dc53968712144F7296a2ca81486E5AD
LECTURE_001,LECTURE_NAME_001,STUDENT_120,NAME_120,0x3DcF37Affd000914f2c1E8c28B1D1A9c26ff5C5C
LECTURE_001,LECTURE_NAME_001,STUDENT_121,NAME_121,0x7dF62e886d471fDCa2101733B10f84D7F98F6E3A
LECTURE_001,LECTURE_NAME_001,STUDENT_122,NAME_122,0x0B8E4d1F1A792dFD28A6adb82E49b3B7c18FeFaD
LECTURE_001,LECTURE_NAME_001,STUDENT_123,NAME_123,0x7822e43980d9E225602Cc03f5b3F09573B1718a2
LECTURE_001,LECTURE_NAME_001,STUDENT_124,NAME_124,0x181efC2D024a1868C28C92AD83d79790701efff3
LECTURE_001,LECTURE_NAME_001,STUDENT_125,NAME_125,0x79FE00b806Dba704f4a9EAb05EbbDc48A9A11647
LECTURE_001,LECTURE_NAME_001,STUDENT_126,NAME_126,0xdF822f0843f5804d10078555F809492cA85B9288
LECTURE_001,LECTURE_NAME_001,STUDENT_127,NAME_127,0x03223aBd6D2fFb500Bf58c3455C47d75678DF4FC
LECTURE_001,LECTURE_NAME_001,STUDENT_128,NAME_128,0x8F58DA135efeB2Ed1d18AD6Dd90F0D8C28D2daF8
LECTURE_001,LECTURE_NAME_001,STUDENT_129,NAME_129,0x4C563E4254d49C1E8ebb61bEd858C9A011b27Ccd
LECTURE_001,LECTURE_NAME_001,STUDENT_130,NAME_130,0x546B8a88B8D30b2660Cc36567cdA065D71a68bE6
LECTURE_001,LECTURE_NAME_001,STUDENT_131,NAME_131,0x49e331B3BD35e62c27029771fBCaf042c51e14e1
LECTURE_001,LECTURE_NAME_001,STUDENT_132,NAME_132,0x4fbf6aBa5a9583238882D3431BBCc1E409e4A7e3
LECTURE_001,LECTURE_NAME_001,STUDENT_133,NAME_133,0xB573452b3d60a058c1AEED3Ec376c8461D0D532E
LECTURE_001,LECTURE_NAME_001,STUDENT_134,NAME_134,0x024cb8C3DAAE22AdddB7348ac3a0591e59186643
LECTURE_001,LECTURE_NAME_001,STUDENT_135,NAME_135,0x5D32183790241928461c16c40988EcefE81260c8
LECTURE_001,LECTURE_NAME_001,STUDENT_136,NAME_136,0xe725dbC70B0469b9C175273a8e696470F2390748
LECTURE_001,LECTURE_NAME_001,STUDENT_137,NAME_137,0xAAD6A3a01360e7B9CF2aF878311983A5EF1F1fEc
LECTURE_001,LECTURE_NAME_001,STUDENT_138,NAME_138,0xd45BF75F546aeF7b72828d02046b2217b5a36228
LECTURE_001,LECTURE_NAME_001,STUDENT_139,NAME_139,0xB4D9C5398060d8bb486b6f9073FB46E4d03Fda9A
LECTURE_001,LECTURE_NAME_001,STUDENT_140,NAME_140,0x5D05ae8b8fc5bD606f0A5bf957c674ec791D1929
LECTURE_001,LECTURE_NAME_001,STUDENT_141,NAME_141,0x7611ACaedb4a7310158d241fac23f69D0bfDF883
LECTURE_001,LECTURE_NAME_001,STUDENT_142,NAME_142,0x6f678F20a832e746097A52341F45817e14536d99
LECTURE_001,LECTURE_NAME_001,STUDENT_143,NAME_143,0x3dF0A313915a87Cd5BB584D6A7bDca25E33E6C9E
LECTURE_001,LECTURE_NAME_001,STUDENT_144,NAME_144,0x0234Ed2790134A186f4196Cc18FE2e61d83697a1
LECTURE_001,LECTURE_NAME_001,STUDENT_145,NAME_145,0x3AAF454545D4554Ff45d6108865Ea5c05E872b4E
LECTURE_001,LECTURE_NAME_001,STUDENT_146,NAME_146,0x9EF0866176488be550dcCb39EeA5428e62748A95
LECTURE_001,LECTURE_NAME_001,STUDENT_147,NAME_147,0x9E0374d944cC60F8f98fb328ea6fb46d7f916Ad5
LECTURE_001,LECTURE_NAME_001,STUDENT_148,NAME_148,0x34F014e2C4D0c9B19E544B44A8bE095B8C89d308
LECTURE_001,LECTURE_NAME_001,STUDENT_149,NAME_149,0xDba300D7F84f7F76FF0CAB6D95AD9ad4f92a7cbE
LECTURE_001,LECTURE_NAME_001,STUDENT_150,NAME_150,0x67326407Fb1E64676b6C2f1847b1B6c929BF6E38
LECTURE_001,LECTURE_NAME_001,STUDENT_151,NAME_151,0x1d732a0E92fe2E289CA00e445200C58227ACE8D4
LECTURE_001,LECTURE_NAME_001,STUDENT_152,NAME_152,0xc11E4504b255d51cE1F7A95D5851a2CFcBfC9376
LECTURE_001,LECTURE_NAME_001,STUDENT_153,NAME_153,0x05a3cb9504f7196013facb5ad0980b84F50E6F17
LECTURE_001,LECTURE_NAME_001,STUDENT_154,NAME_154,0x1Cf71cff5aBD1719B8A30410b0df03066910A248
LECTURE_001,LECTURE_NAME_001,STUDENT_155,NAME_155,0x71a3D657F8ec26DA69D40C1b28d1EF87203dd83A
LECTURE_001,LECTURE_NAME_001,STUDENT_156,NAME_156,0x8FEe0859E4DDd9A1eEE820Bf969759B1b88821a8
LECTURE_001,LECTURE_NAME_001,STUDENT_157,NAME_157,0x0dDE35c496c138A01c0547e1fB224F1aeA2826C3
LECTURE_001,LECTURE_NAME_001,STUDENT_158,NAME_158,0x3171B9d515b69Aa41D3b04c5141B8D19c708679b
LECTURE_001,LECTURE_NAME_001,STUDENT_159,NAME_159,0xFb9b84802419870880A2c63bE0FC3c6a77dBdD96
LECTURE_001,LECTURE_NAME_001,STUDENT_160,NAME_160,0x3a8790cbD9a84Fae9869c2626E932aa0082A3647
LECTURE_001,LECTURE_NAME_001,STUDENT_161,NAME_161,0x01Fc453C0689fDf3817A035fb373AfEE9EA30326
LECTURE_001,LECTURE_NAME_001,STUDENT_162,NAME_162,0x2F10dF6d3b9a464A5F5e020F0d95603d0e2Dfe11
LECTURE_001,LECTURE_NAME_001,STUDENT_163,NAME_163,0x55aCA3DC308d0Cd0003582f41BF312B73FAA050f
LECTURE_001,LECTURE_NAME_001,STUDENT_164,NAME_164,0xaAa889972E407Bac478cdDa792000C0776161236
LECTURE_001,LECTURE_NAME_001,STUDENT_165,NAME_165,0x77E633fd582B57e4DeD7161519D74C9bCb0F134A
LECTURE_001,LECTURE_NAME_001,STUDENT_166,NAME_166,0xE970f5d761F91AC13325aF38328a248eB0A8C1cd
LECTURE_001,LECTURE_NAME_001,STUDENT_167,NAME_167,0xEa8C695aF8Ce85700b5242415D26C553BBe92Ad9
LECTURE_001,LECTURE_NAME_001,STUDENT_168,NAME_168,0xBd89b779C1621A8416360B2c1Af0CE425fFdddEC
LECTURE_001,LECTURE_NAME_001,STUDENT_169,NAME_169,0xc476dE5589d1B5DAA694691E07d5Ee3963336b38
LECTURE_001,LECTURE_NAME_001,STUDENT_170,NAME_170,0x400b8DAf5A5413508355E8512E2c0deffd2582cA
LECTURE_001,LECTURE_NAME_001,STUDENT_171,NAME_171,0xF169e613628C65764125ce312aF9497745F55e38
LECTURE_001,LECTURE_NAME_001,STUDENT_172,NAME_172,0x964b3aC6e09405fF37407abeb25Fd176daeFFF91
LECTURE_001,LECTURE_NAME_001,STUDENT_173,NAME_173,0xb94fDD3C18e0f4C3253D899D7F47a8AE869e35Cb
LECTURE_001,LECTURE_NAME_001,STUDENT_174,NAME_174,0x8419DAC7a1F31B74DB23877dB97CC921E388Caf5
LECTURE_001,LECTURE_NAME_001,STUDENT_175,NAME_175,0x58Cc26c9f8153774Cf3F2227f4088880b9f4a8dD
LECTURE_001,LECTURE_NAME_001,STUDENT_176,NAME_176,0x0118Dc84BACe3B68168445D4F5C1E59F14D50b65
LECTURE_001,LECTURE_NAME_001,STUDENT_177,NAME_177,0x36e2dda759dC87E71e2083d975727B4932930eDa
LECTURE_001,LECTURE_NAME_001,STUDENT_178,NAME_178,0xF91069684a182F59fF90a182E877E0De871f1ba1
LECTURE_001,LECTURE_NAME_001,STUDENT_179,NAME_179,0x1404A4fd032bc0be30bc4acddF7D817257965a11
LECTURE_001,LECTURE_NAME_001,STUDENT_180,NAME_180,0x1D30A38DeFF5222E3c696ed07B8EdFDE922A7390
LECTURE_001,LECTURE_NAME_001,STUDENT_181,NAME_181,0x56118D5afecB4FBdd27A3ad701cA7d845aC72043
LECTURE_001,LECTURE_NAME_001,STUDENT_182,NAME_182,0x158745B9B09F47d1972f4413DbC1d10eBD7a6200
LECTURE_001,LECTURE_NAME_001,STUDENT_183,NAME_183,0xEc17b1eB942C232b11c59D211A3855651e5b436D
LECTURE_001,LECTURE_NAME_001,STUDENT_184,NAME_184,0x20FE9FaaDc39dD9401686A3bfBe2B31Dc63370aC
LECTURE_001,LECTURE_NAME_001,STUDENT_185,NAME_185,0x551C02dc8DB358A7F33812074b25fED3f87DbcAd
LECTURE_001,LECTURE_NAME_001,STUDENT_186,NAME_186,0xb8598F2af53580E94d48626Fc3548B13fDf2A9b7
LECTURE_001,LECTURE_NAME_001,STUDENT_187,NAME_187,0xb02DC59BCbF3581BeEF3190Dc8ed4E943DBd63dF
LECTURE_001,LECTURE_NAME_001,STUDENT_188,NAME_188,0x37cA4A2fe432576fd4BB0a4F0AD96c94981b7627
LECTURE_001,LECTURE_NAME_001,STUDENT_189,NAME_189,0x25695dF04CC7c42393b20C37034d60E0AadfAEf3
LECTURE_001,LECTURE_NAME_001,STUDENT_190,NAME_190,0x432f5888b3c6c5a5882832b6f96A3279294DBcdb
LECTURE_001,LECTURE_NAME_001,STUDENT_191,NAME_191,0xF627d844c346dAa43A91f0f110b61dF1b6EefA43
LECTURE_001,LECTURE_NAME_001,STUDENT_192,NAME_192,0x47348cAae7A06146ad7560907C9E58a867BCBBc9
LECTURE_001,LECTURE_NAME_001,STUDENT_193,NAME_193,0x10222Fd03A66d76aE7197D27D3594eAd5A8753f0
LECTURE_001,LECTURE_NAME_001,STUDENT_194,NAME_194,0x8c305C4dE4C1179Ff8f5aC1CfD44449b7Ff0b0f4
LECTURE_001,LECTURE_NAME_001,STUDENT_195,NAME_195,0xA6ED5410780ed1f8e4A4d72560CD6D5B59128132
LECTURE_001,LECTURE_NAME_001,STUDENT_196,NAME_196,0x4532fF3E673114f477048FcB1e25832fe0F63479
LECTURE_001,LECTURE_NAME_001,STUDENT_197,NAME_197,0xE0b9A2ea05c0FdC15c63d9Ab544e6af1057e47d0
LECTURE_001,LECTURE_NAME_001,STUDENT_198,NAME_198,0x21Dca5bfDc06C6F54EE227a83C77d901CE5eB03b
LECTURE_001,LECTURE_NAME_001,STUDENT_199,NAME_199,0x64c3F93542d36b6674D134cA254D912A57Ae6A7b
LECTURE_001,LECTURE_NAME_001,STUDENT_200,NAME_200,0x0590a0cAE145174369a687c469D44e05D271E505
LECTURE_002,LECTURE_NAME_002,STUDENT_201,NAME_201,0xAf553fc6B3d69f6235953074CE6E3e3c15589B9e
LECTURE_002,LECTURE_NAME_002,STUDENT_202,NAME_202,0xE11662B577Ef92B2f4C5B5C357cCC5b08b52e8Fc
LECTURE_002,LECTURE_NAME_002,STUDENT_203,NAME_203,0x80e75E56D9B147791394dFfAD96FDfE78f75E9E1
LECTURE_002,LECTURE_NAME_002,STUDENT_204,NAME_204,0x46f74C421C4221D067Ca6A8Dfc95a22090b289CF
LECTURE_002,LECTURE_NAME_002,STUDENT_205,NAME_205,0x8947B11B3c106dC22EAD5da28A8a0A18DA726da2
LECTURE_002,LECTURE_NAME_002,STUDENT_206,NAME_206,0xAf2ed9Cf9bd5332923821677D7237Ca2e69e84FF
LECTURE_002,LECTURE_NAME_002,STUDENT_207,NAME_207,0x5C7D7e68EED39460604EA9508680734A07A287D1
LECTURE_002,LECTURE_NAME_002,STUDENT_208,NAME_208,0xd1DF836FEFa67a6C9B87408805377501Eedd9715
LECTURE_002,LECTURE_NAME_002,STUDENT_209,NAME_209,0xc609d1d8C14865455e80e9dd88C73B16D098f10d
LECTURE_002,LECTURE_NAME_002,STUDENT_210,NAME_210,0x0280eEC2EBEb5a81aa28bA809f7Bc0cf11C1a15b
LECTURE_002,LECTURE_NAME_002,STUDENT_211,NAME_211,0xEAE5f6Eac9B4672741CA57b4bD035EA0de7E870f
LECTURE_002,LECTURE_NAME_002,STUDENT_212,NAME_212,0x8D72757AAdeCc9AF0DF1207AC38DD18B1D022D54
LECTURE_002,LECTURE_NAME_002,STUDENT_213,NAME_213,0x8D40fCe8754ea04A5f4047f519d1Aa3E3886a5A0
LECTURE_002,LECTURE_NAME_002,STUDENT_214,NAME_214,0x56239c5E948E69dF7bbe0171b33E5D5598265FF2
LECTURE_002,LECTURE_NAME_002,STUDENT_215,NAME_215,0x5332965EC9DA2e926CB392c32D378c3483038D82
LECTURE_002,LECTURE_NAME_002,STUDENT_216,NAME_216,0xeE2ca38942ecb6f0D3bB368238D6eDe44A1b9c18
LECTURE_002,LECTURE_NAME_002,STUDENT_217,NAME_217,0x9e740875D0A759302e6fb6dFdCd719F018c94cE7
LECTURE_002,LECTURE_NAME_002,STUDENT_218,NAME_218,0x720e1F3526b11b187432b903077e89bFCf1b2527
LECTURE_002,LECTURE_NAME_002,STUDENT_219,NAME_219,0x6392136C70fA1aCE1A78F51619a2ceAf93b7dD6d
LECTURE_002,LECTURE_NAME_002,STUDENT_220,NAME_220,0xc01ec08803395Ed5a58Df27A3953ADAe8C3b96Be
LECTURE_002,LECTURE_NAME_002,STUDENT_221,NAME_221,0xA8247A336240c053dC296e53D01E6C541D6075bD
LECTURE_002,LECTURE_NAME_002,STUDENT_222,NAME_222,0x0052Ad1c18027F1F699266CeB5A4E26fC4baF8eA
LECTURE_002,LECTURE_NAME_002,STUDENT_223,NAME_223,0xa15b8f2DE5F514Fb36E82b67A6dEbE035Ae82074
LECTURE_002,LECTURE_NAME_002,STUDENT_224,NAME_224,0x5D5E4bea8eC25aB8Ac1cBd29a4032f007cDDE550
LECTURE_002,LECTURE_NAME_002,STUDENT_225,NAME_225,0xb3F9A43c077834dEa688b8206EB7079b61408e33
LECTURE_002,LECTURE_NAME_002,STUDENT_226,NAME_226,0x757424daD7e69101CF1B3282Ea404e4068a137E8
LECTURE_002,LECTURE_NAME_002,STUDENT_227,NAME_227,0x6a1B816bA4D78793d4826B379a8Bfa17C8063923
LECTURE_002,LECTURE_NAME_002,STUDENT_228,NAME_228,0xAf4756826379007C67f6f5909CfDE676bc490fA6
LECTURE_002,LECTURE_NAME_002,STUDENT_229,NAME_229,0x00a9FFDa3471370EAC6986601Cf334A6C6120e00
LECTURE_002,LECTURE_NAME_002,STUDENT_230,NAME_230,0x0041b83682108Bc3fa90BC7c17d08Dc93d5c58E3
LECTURE_002,LECTURE_NAME_002,STUDENT_231,NAME_231,0xB8098B868E01a0B9F69C4efc1654C881FeBCFa44
LECTURE_002,LECTURE_NAME_002,STUDENT_232,NAME_232,0x353d1B0Bbdbb46DE18dbbEf9cFE38ba03E62595d
LECTURE_002,LECTURE_NAME_002,STUDENT_233,NAME_233,0x977b4cBeBCB25fD8596bDd420D858d0DF1d5c527
LECTURE_002,LECTURE_NAME_002,STUDENT_234,NAME_234,0xe5C6031890f87666d55bBF2141407B4649CDf897
LECTURE_002,LECTURE_NAME_002,STUDENT_235,NAME_235,0x12E9c8F7013F28E9F2c931B96871765A046737EB
LECTURE_002,LECTURE_NAME_002,STUDENT_236,NAME_236,0x2fd35F4760118d9916c97564cDC3E4e379A5d9C5
LECTURE_002,LECTURE_NAME_002,STUDENT_237,NAME_237,0x67a7Eafeb83312C8b2d412d73421FB83e499cc74
LECTURE_002,LECTURE_NAME_002,STUDENT_238,NAME_238,0xE053e5B2a714E56398d6C6F8Fe9D8Fa6BFa00B57
LECTURE_002,LECTURE_NAME_002,STUDENT_239,NAME_239,0xf7085902886fB09286Dbc97e2e7f42b7D47Df642
LECTURE_002,LECTURE_NAME_002,STUDENT_240,NAME_240,0xfA8e8eA1cd109894850D4fcF835B513BE2d909ce
LECTURE_002,LECTURE_NAME_002,STUDENT_241,NAME_241,0x6Fc7E520eF7247Dd5136f304FFbCf5B48ef35f4B
LECTURE_002,LECTURE_NAME_002,STUDENT_242,NAME_242,0xb48d0Df1e84967Ae5653890e90E9e916c43ac259
LECTURE_002,LECTURE_NAME_002,STUDENT_243,NAME_243,0xbBceA559a49370875F0e65D6476A90C9149c934f
LECTURE_002,LECTURE_NAME_002,STUDENT_244,NAME_244,0x02BDE39F0dBa8459Fcc101f0A740505c90316bEd
LECTURE_002,LECTURE_NAME_002,STUDENT_245,NAME_245,0xb5801846709a846E4e44A22e8dFBf719438d717B
LECTURE_002,LECTURE_NAME_002,STUDENT_246,NAME_246,0xeccEF9F3C9161E53bdcc04edF4eb883B6aB68e77
LECTURE_002,LECTURE_NAME_002,STUDENT_247,NAME_247,0x4DB1a45C7001248b1AA235E0F8a6DE40464B6492
LECTURE_002,LECTURE_NAME_002,STUDENT_248,NAME_248,0x9097C968AFA5C24254081c014005119979C91710
LECTURE_002,LECTURE_NAME_002,STUDENT_249,NAME_249,0x208E04f35EdcdDdf04c0d06854F74ae738B4aA24
LECTURE_002,LECTURE_NAME_002,STUDENT_250,NAME_250,0x2e0bD3feAF6703271d9bD9eB2B343134C9D66784
LECTURE_002,LECTURE_NAME_002,STUDENT_251,NAME_251,0xc2c6eB43851A691f3D2b2cB9b9de1428E90F967d
LECTURE_002,LECTURE_NAME_002,STUDENT_252,NAME_252,0x354bb85e00C378a4d2Bd02aBCBD98De921AAcbAB
LECTURE_002,LECTURE_NAME_002,STUDENT_253,NAME_253,0x8a8215825161A44b49C230d2E695D327DC5108AD
LECTURE_002,LECTURE_NAME_002,STUDENT_254,NAME_254,0x3d66B57b34Af1A8D1695669e3bF69e0a1866F6f1
LECTURE_002,LECTURE_NAME_002,STUDENT_255,NAME_255,0xb77a9b1D6Cde8265e3ac66049720E3b3d3812D3F
LECTURE_002,LECTURE_NAME_002,STUDENT_256,NAME_256,0x480dAe08949E0e43BFfA79BcE6ED6b770da383a7
LECTURE_002,LECTURE_NAME_002,STUDENT_257,NAME_257,0x0e220E6B8d253041ec2106f89082218bc1521E92
LECTURE_002,LECTURE_NAME_002,STUDENT_258,NAME_258,0x384478cF696d66f8dc7002f6B6738EFd9d3c1b0E
LECTURE_002,LECTURE_NAME_002,STUDENT_259,NAME_259,0x171A64aa476340ecb6F9a1F00B3862Db8efF29B9
LECTURE_002,LECTURE_NAME_002,STUDENT_260,NAME_260,0xDc16620f57eFf23179a98A86768332C5b9a7eF72
LECTURE_002,LECTURE_NAME_002,STUDENT_261,NAME_261,0x791518D6A3fb71B13e0Ae8F9Afd8D2e5272155cA
LECTURE_002,LECTURE_NAME_002,STUDENT_262,NAME_262,0x2C387ABA1d4258a0dD6625C9225A120e444C7204
LECTURE_002,LECTURE_NAME_002,STUDENT_263,NAME_263,0xc81b4880466947937b10ab5F44A4Ddb409eD68b2
LECTURE_002,LECTURE_NAME_002,STUDENT_264,NAME_264,0x0A4Cd4Cf53028FC9Eb81fC6dA5b9429f32d74bA2
LECTURE_002,LECTURE_NAME_002,STUDENT_265,NAME_265,0xDB38Ee842bC9d612a4F6e0CA2753662a81B44ed8
LECTURE_002,LECTURE_NAME_002,STUDENT_266,NAME_266,0x4b7c32aaa6FBc0d02D8C9151fdFA9e2D7b4E17ab
LECTURE_002,LECTURE_NAME_002,STUDENT_267,NAME_267,0x8C57841f9ca2777E056d5D00a78a9CABe595Db9D
LECTURE_002,LECTURE_NAME_002,STUDENT_268,NAME_268,0x170bD5Be7E38e661E2E990D2F8315c61B87b6Ca0
LECTURE_002,LECTURE_NAME_002,STUDENT_269,NAME_269,0x14ceFFdaA89eaa3B416b87d331a17E23aC531976
LECTURE_002,LECTURE_NAME_002,STUDENT_270,NAME_270,0xF07B8267b5D6eb1EE1F39AA5067aDEa6b6337935
LECTURE_002,LECTURE_NAME_002,STUDENT_271,NAME_271,0xC0D76E83e9953c041CAadf6940dF27A83e72e846
LECTURE_002,LECTURE_NAME_002,STUDENT_272,NAME_272,0xEc90B2dd444Fd16cFfE9766e9c6fDE87060e3208
LECTURE_002,LECTURE_NAME_002,STUDENT_273,NAME_273,0xA8491422d3B02601813959460523E5085261b396
LECTURE_002,LECTURE_NAME_002,STUDENT_274,NAME_274,0x5989bA0533c81a09Bf997cAC426ed34bA62aEA17
LECTURE_002,LECTURE_NAME_002,STUDENT_275,NAME_275,0x22aBb87b0dc5e44E5F0F21D6e5b3F1F7fD75EF54
LECTURE_002,LECTURE_NAME_002,STUDENT_276,NAME_276,0xe02D7c86B13f9f314fc8dEc80D2b51c08CD35871
LECTURE_002,LECTURE_NAME_002,STUDENT_277,NAME_277,0x8e9b68c25Df66634D38B05887Eb493A5B3BeC958
LECTURE_002,LECTURE_NAME_002,STUDENT_278,NAME_278,0xfad5C0e6bFd46f27d379650A17d3a189215FFFc7
LECTURE_002,LECTURE_NAME_002,STUDENT_279,NAME_279,0xA776Fc420F49f28ae56622Bc98A7177c5EA7e7Fb
LECTURE_002,LECTURE_NAME_002,STUDENT_280,NAME_280,0x2e772de65725eEb9E511956c3e59d6F5d361635d
LECTURE_002,LECTURE_NAME_002,STUDENT_281,NAME_281,0x22b41eB568ac43b03fF35d807cb8cbF9Cc1ef4D9
LECTURE_002,LECTURE_NAME_002,STUDENT_282,NAME_282,0xf0EE796ea209EA250e7114e05049208c4110F9Bf
LECTURE_002,LECTURE_NAME_002,STUDENT_283,NAME_283,0xaa1Ef9beeD8D7b5970426B5d42d0C50A9128AFe7
LECTURE_002,LECTURE_NAME_002,STUDENT_284,NAME_284,0xf61aF879022e2E8CF917f29aA2594F4393248cAa
LECTURE_002,LECTURE_NAME_002,STUDENT_285,NAME_285,0x0df774140BAe86A2CB7f54aF7FFC53fb9A532521
LECTURE_002,LECTURE_NAME_002,STUDENT_286,NAME_286,0x2B714084d0CB3c1216590E48b16C9aeA29C9EbFb
LECTURE_002,LECTURE_NAME_002,STUDENT_287,NAME_287,0x1056d8B0cc0Ce8e0399dB8B8a25317cCB0134351
LECTURE_002,LECTURE_NAME_002,STUDENT_288,NAME_288,0x754589288988dd1de25b586709d2572e64F75115
LECTURE_002,LECTURE_NAME_002,STUDENT_289,NAME_289,0x0597cCf57999e6bd0f6b09fC5C140205a05C5b6C
LECTURE_002,LECTURE_NAME_002,STUDENT_290,NAME_290,0xF45CD4f0b631A84594e716C35284334912212861
LECTURE_002,LECTURE_NAME_002,STUDENT_291,NAME_291,0x05baA05fbB0a56F3AdeBd4bBB6E9354422daDe7C
LECTURE_002,LECTURE_NAME_002,STUDENT_292,NAME_292,0x3a23b7C2e1406b93D63c4489E39f3354178B7099
LECTURE_002,LECTURE_NAME_002,STUDENT_293,NAME_293,0x419A685adD0F393EBb3F0eEF0cc9a52113EEa848
LECTURE_002,LECTURE_NAME_002,STUDENT_294,NAME_294,0xA0aBD02C7D2ce8091905D9456C2fA147DD1ab6F9
LECTURE_002,LECTURE_NAME_002,STUDENT_295,NAME_295,0xc76cf99b4b07724549F9db4570a118822FF30f3E
LECTURE_002,LECTURE_NAME_002,STUDENT_296,NAME_296,0x3dCaE22beC90C76E75e319D4Da0a7F7EA5890EEF
LECTURE_002,LECTURE_NAME_002,STUDENT_297,NAME_297,0xeD2aeb33E5494a6F7A44AbF4789AeaB6B8983EfB
LECTURE_002,LECTURE_NAME_002,STUDENT_298,NAME_298,0x1A968B8f2288e664e700797804048b156D478482
LECTURE_002,LECTURE_NAME_002,STUDENT_299,NAME_299,0xcA51e25b572B326C29802b253DD80d44963E8082
LECTURE_002,LECTURE_NAME_002,STUDENT_300,NAME_300,0x2d3eE210955bf84A3f9bb8297980E3421255f5Fa
LECTURE_002,LECTURE_NAME_002,STUDENT_301,NAME_301,0xf6ED74b2F8c4B2Af103A0a982bfb13e4E5C4CCBB
LECTURE_002,LECTURE_NAME_002,STUDENT_302,NAME_302,0x52253672eEA8EAd7fE24A6009F5A0cb3492dBec7
LECTURE_002,LECTURE_NAME_002,STUDENT_303,NAME_303,0x3A323520F5d4729de5ce2ea78b682873E46Bd257
LECTURE_002,LECTURE_NAME_002,STUDENT_304,NAME_304,0x545BA9AaC4eCf4e0D5B50A2b40e3f1cd9966D8f9
LECTURE_002,LECTURE_NAME_002,STUDENT_305,NAME_305,0x644B5DDDdA696F2Ef30AD3473794C40EeB729aFF
LECTURE_002,LECTURE_NAME_002,STUDENT_306,NAME_306,0x82D49564Ad9a49ce514054B7A40dbD5Ded622e73
LECTURE_002,LECTURE_NAME_002,STUDENT_307,NAME_307,0xB2D4CeedE029d6D237c5580cC5D4aD19e31315a1
LECTURE_002,LECTURE_NAME_002,STUDENT_308,NAME_308,0x7395170f57b09CE3D68D915028e4bfe665C4dDdA
LECTURE_002,LECTURE_NAME_002,STUDENT_309,NAME_309,0x083967C43852744ba60D0B6Ef31eB88FC0BE5710
LECTURE_002,LECTURE_NAME_002,STUDENT_310,NAME_310,0x8a8eBc9f85CC890591b10eDe24D0C82F38A566eb
LECTURE_002,LECTURE_NAME_002,STUDENT_311,NAME_311,0x2892889f5b3cf6cf79927B7978C75aE779fA70bD
LECTURE_002,LECTURE_NAME_002,STUDENT_312,NAME_312,0x491e75a2971836c359EcC5cEb33c0AfA5EC94915
LECTURE_002,LECTURE_NAME_002,STUDENT_313,NAME_313,0x1DEEF71D04E4FE83d6FB0849ff5101A018476137
LECTURE_002,LECTURE_NAME_002,STUDENT_314,NAME_314,0x05e2c6ceaBF6Dda16adA998b07db3F09033EA250
LECTURE_002,LECTURE_NAME_002,STUDENT_315,NAME_315,0x55e2FcD8F46dC1C2635A33415F6941c7F5fAf71e
LECTURE_002,LECTURE_NAME_002,STUDENT_316,NAME_316,0x047796AD382E264de6DeAdee029Ced8D619823b1
LECTURE_002,LECTURE_NAME_002,STUDENT_317,NAME_317,0xA65CDeDF2df72Ece620623E521D2187C8a8852d7
LECTURE_002,LECTURE_NAME_002,STUDENT_318,NAME_318,0xE524397aAbBec84B2cBaF44767782ab0083131EA
LECTURE_002,LECTURE_NAME_002,STUDENT_319,NAME_319,0xEaDCD36E513db0B6407f9c3708e0437280e2a212
LECTURE_002,LECTURE_NAME_002,STUDENT_320,NAME_320,0xa0Ec051DEC7576A3d4022A180b5839C3be0a8D75
LECTURE_002,LECTURE_NAME_002,STUDENT_321,NAME_321,0xa63eA931cbAcFA707c417bd0969Ad44863630d92
LECTURE_002,LECTURE_NAME_002,STUDENT_322,NAME_322,0x7954D4Ce00a9bB6882282437808a7E7a8E64B5e0
LECTURE_002,LECTURE_NAME_002,STUDENT_323,NAME_323,0xbb0002F0D18259Ad51489Ac1F56bE17B88e4bf42
LECTURE_002,LECTURE_NAME_002,STUDENT_324,NAME_324,0x912435D267Ec7a0869070e86f07731BCeE28a075
LECTURE_002,LECTURE_NAME_002,STUDENT_325,NAME_325,0x77dA5Ac25ba6f4A748a475a1844F385Ba6573D2F
LECTURE_002,LECTURE_NAME_002,STUDENT_326,NAME_326,0x3Db18B84aaF56f2E26707C594D13961B1a51dAdB
LECTURE_002,LECTURE_NAME_002,STUDENT_327,NAME_327,0x448eD6d2fB1dD9f050dEcD70913f1B36E4601Fd2
LECTURE_002,LECTURE_NAME_002,STUDENT_328,NAME_328,0x27693b1D2aE2DFc5847a2788f47487133F5ac08a
LECTURE_002,LECTURE_NAME_002,STUDENT_329,NAME_329,0x4bDb4d90a5a3Cb64f4E2AefbB997078697B75AEe
LECTURE_002,LECTURE_NAME_002,STUDENT_330,NAME_330,0xb050A9997F15c220DDf498c9978b13109c49bFCB
LECTURE_002,LECTURE_NAME_002,STUDENT_331,NAME_331,0x8e9cE4ae2c6246EDa19130a20CB35c9B1da1dcf5
LECTURE_002,LECTURE_NAME_002,STUDENT_332,NAME_332,0x4df0742C603adc0c0Cd1D4B80E19d982Bcde7142
LECTURE_002,LECTURE_NAME_002,STUDENT_333,NAME_333,0x598D8f35D2b7c03A39Be1e9057c844b8F2823e9F
LECTURE_002,LECTURE_NAME_002,STUDENT_334,NAME_334,0xABf8860B2621d392641218d33C026a20f471be1e
LECTURE_002,LECTURE_NAME_002,STUDENT_335,NAME_335,0x32b7613601539C72401eec9e57E59f3824A04C16
LECTURE_002,LECTURE_NAME_002,STUDENT_336,NAME_336,0xbF09893B3B79c8e0546F986b2b311104c4830cE9
LECTURE_002,LECTURE_NAME_002,STUDENT_337,NAME_337,0x3D83a38f0a25E0B7b671732c787293C037251e02
LECTURE_002,LECTURE_NAME_002,STUDENT_338,NAME_338,0x58Eb7C0a716a853dAB36596E90a1e166271f646e
LECTURE_002,LECTURE_NAME_002,STUDENT_339,NAME_339,0x915335d756c0A468B611Ef6999B89df1038eC7B1
LECTURE_002,LECTURE_NAME_002,STUDENT_340,NAME_340,0x982dA256d1E3C7F96a3684CBc47D9bDBB793f28B
LECTURE_002,LECTURE_NAME_002,STUDENT_341,NAME_341,0xAF08ce8dB39201C0b7819F7317fA6755a1abD0Fc
LECTURE_002,LECTURE_NAME_002,STUDENT_342,NAME_342,0xB716B652F9d9dF89768cce1B7B2855c998549B3F
LECTURE_002,LECTURE_NAME_002,STUDENT_343,NAME_343,0xE102A6FF6A81a1c239E73C0Af3502a69E1b6f836
LECTURE_002,LECTURE_NAME_002,STUDENT_344,NAME_344,0x0D672FbC0c9EDBeC44C575D82AB9DB6AA8f6dE1A
LECTURE_002,LECTURE_NAME_002,STUDENT_345,NAME_345,0xa0d4890E95b2F40A72Be39eCF64eF8470F625cDC
LECTURE_002,LECTURE_NAME_002,STUDENT_346,NAME_346,0x1Df9d53bCe2F4A610739bA0e3CD0350cFdD7F7DF
LECTURE_002,LECTURE_NAME_002,STUDENT_347,NAME_347,0x0516A05007f7A1018f253886d74f9553b4cBb2FA
LECTURE_002,LECTURE_NAME_002,STUDENT_348,NAME_348,0x11B725077b9F56bFF0ec096eb1DfA094A7B9F278
LECTURE_002,LECTURE_NAME_002,STUDENT_349,NAME_349,0xCa1Ca82d8E0f8b2E5DDFa469c3168eE81C1290A6
LECTURE_002,LECTURE_NAME_002,STUDENT_350,NAME_350,0x2ca2a7462214880CBd82f0A7461922D3bF1ee46A
LECTURE_002,LECTURE_NAME_002,STUDENT_351,NAME_351,0xaB290A410712cDf07664ec31dCF0c4eFdE11Cb58
LECTURE_002,LECTURE_NAME_002,STUDENT_352,NAME_352,0x37486fDb04087B3Cc68DF0D65a242071E69A08cC
LECTURE_002,LECTURE_NAME_002,STUDENT_353,NAME_353,0xb3e49CA3ecB470Ef5F6F865CAc12F2CBC50114a8
LECTURE_002,LECTURE_NAME_002,STUDENT_354,NAME_354,0x3356DD881f0577A1d1521eFD203eD601b769A725
LECTURE_002,LECTURE_NAME_002,STUDENT_355,NAME_355,0x022C962FD64b8d095d2CEABa8BfD95d9718b798c
LECTURE_002,LECTURE_NAME_002,STUDENT_356,NAME_356,0x7177A5F59aD0467fBd231fBB454dd8fA77960A49
LECTURE_002,LECTURE_NAME_002,STUDENT_357,NAME_357,0xD7a1Fe6EaBdab3fC06E4FdfC2fFd3Be039490BAb
LECTURE_002,LECTURE_NAME_002,STUDENT_358,NAME_358,0x56066FBfdD62dACeaB61F8db36452A33f27CE56C
LECTURE_002,LECTURE_NAME_002,STUDENT_359,NAME_359,0x673D6a6dcC9e79C578Ba62678A6fc8106e8aBd80
LECTURE_002,LECTURE_NAME_002,STUDENT_360,NAME_360,0x1FA64DB6f91065E926bCA8771a0833C71DF0bA33
LECTURE_002,LECTURE_NAME_002,STUDENT_361,NAME_361,0xa6b4086B4f4733346DC8AE70e9cB439d5e3810D2
LECTURE_002,LECTURE_NAME_002,STUDENT_362,NAME_362,0x067B31e94fd928553350ebf67B47354FFe00075e
LECTURE_002,LECTURE_NAME_002,STUDENT_363,NAME_363,0x3daC5e0989103d52DFeeBD51A222b60184A2fB3a
LECTURE_002,LECTURE_NAME_002,STUDENT_364,NAME_364,0xce29e4e1F93E4cEA48c84CA763BA5A260f47a0fd
LECTURE_002,LECTURE_NAME_002,STUDENT_365,NAME_365,0x75D468c4dEc902F5606eD834C610BbaBB5Ac2795
LECTURE_002,LECTURE_NAME_002,STUDENT_366,NAME_366,0x8628D90de094bd11fED3a6AF0C717EB26718F24a
LECTURE_002,LECTURE_NAME_002,STUDENT_367,NAME_367,0x78f165b43d3dF54B87cd68C93EC1db8CD0629795
LECTURE_002,LECTURE_NAME_002,STUDENT_368,NAME_368,0x01D7611Ac65aF3Be39F95e09a2C62F05488fd167
LECTURE_002,LECTURE_NAME_002,STUDENT_369,NAME_369,0x9C3D922086589f6fF3D9cc023830DA3576AB169E
LECTURE_002,LECTURE_NAME_002,STUDENT_370,NAME_370,0x07533943b955098410B25E20673BDd26b5Cb171E
LECTURE_002,LECTURE_NAME_002,STUDENT_371,NAME_371,0x4a194E9CEAAB42FcB7c4A45a643673A992EfF3A9
LECTURE_002,LECTURE_NAME_002,STUDENT_372,NAME_372,0x652F78E677321a65AbC102c1a33dE78C31261957
LECTURE_002,LECTURE_NAME_002,STUDENT_373,NAME_373,0x2786b00c346fccD432DDcbbb7e2bc6e7e9A339B6
LECTURE_002,LECTURE_NAME_002,STUDENT_374,NAME_374,0x8efbd232cFA27dada1937f5367F3764efc1051ac
LECTURE_002,LECTURE_NAME_002,STUDENT_375,NAME_375,0xBda431a6E8e3dBd6Bbaf26B4E9d0C855c1046198
LECTURE_002,LECTURE_NAME_002,STUDENT_376,NAME_376,0x70a23121ac40d7c6632d4eDEBAdEf3677D5a0f49
LECTURE_002,LECTURE_NAME_002,STUDENT_377,NAME_377,0x14F2fbaeFdD07EBBDaaB3cAA6d909a08dD2F09B4
LECTURE_002,LECTURE_NAME_002,STUDENT_378,NAME_378,0x86Ae32435c325c346dD22535f7dd52408ea68E30
LECTURE_002,LECTURE_NAME_002,STUDENT_379,NAME_379,0x2C27AD5874261104CbcA58e6DfbDFF02E5d6EA64
LECTURE_002,LECTURE_NAME_002,STUDENT_380,NAME_380,0x1a68E9d48473fe6FfcB49be130eaB69405D4eb5a
LECTURE_002,LECTURE_NAME_002,STUDENT_381,NAME_381,0xB0bA4a5488d84EcD321fe31CF894eAAa61Bc9C3f
LECTURE_002,LECTURE_NAME_002,STUDENT_382,NAME_382,0xeFC1411E1a853a76d277DF8f272b5ffbA111D767
LECTURE_002,LECTURE_NAME_002,STUDENT_383,NAME_383,0xc58D23185a35c551fEF54Df868d6CA42C862C49F
LECTURE_002,LECTURE_NAME_002,STUDENT_384,NAME_384,0xBC9D8455095F100D7e9430fC1d54457c3d531b4F
LECTURE_002,LECTURE_NAME_002,STUDENT_385,NAME_385,0x7Df8783A39E1868CA4c07B0A6063027620Cf3039
LECTURE_002,LECTURE_NAME_002,STUDENT_386,NAME_386,0x8640135e5C7c0f8F5A2FE46b801E71a0840677E0
LECTURE_002,LECTURE_NAME_002,STUDENT_387,NAME_387,0xf0CD89FC493Af3Cd87aCb44a25dd27b02D8A18DF
LECTURE_002,LECTURE_NAME_002,STUDENT_388,NAME_388,0x2aEa0ab04c838F124EA546ee9b95e27D66e6FDfb
LECTURE_002,LECTURE_NAME_002,STUDENT_389,NAME_389,0x0e210268BdD50d2960Ef05e2b8902fd6C8e16113
LECTURE_002,LECTURE_NAME_002,STUDENT_390,NAME_390,0xa6b423354269A2e75086A3304AD2E26208738EBF
LECTURE_002,LECTURE_NAME_002,STUDENT_391,NAME_391,0x1259A6c5DEB4EA3b9161fAce0Fe4A8E1622f5d0D
LECTURE_002,LECTURE_NAME_002,STUDENT_392,NAME_392,0x6427743e3a66E518ca4eeE60789583f3c5407868
LECTURE_002,LECTURE_NAME_002,STUDENT_393,NAME_393,0xe9D62e2eA91c10E7294c92f5FF2D353d9B8fBe40
LECTURE_002,LECTURE_NAME_002,STUDENT_394,NAME_394,0x6d3D2CFDB15C7346578C3043637FE6943C7994a3
LECTURE_002,LECTURE_NAME_002,STUDENT_395,NAME_395,0x6f39ab070e6EcbB1eec85F9E9b14d4b27461F9E0
LECTURE_002,LECTURE_NAME_002,STUDENT_396,NAME_396,0x2EF68ae7dFCde90aB8CE45e1C2195638b810A829
LECTURE_002,LECTURE_NAME_002,STUDENT_397,NAME_397,0x8eD7594112F180630572D0c57257a07D9f83a720
LECTURE_002,LECTURE_NAME_002,STUDENT_398,NAME_398,0x1c17Bd073AF7ADa6246469818782f38EA06fFBFE
LECTURE_002,LECTURE_NAME_002,STUDENT_399,NAME_399,0x47d581ad8A4B43b020931C72eC1b41476Db27353
LECTURE_002,LECTURE_NAME_002,STUDENT_400,NAME_400,0x5785FF3d83f48d0FF431Dc7C061447EC8fA17a25